Peptide	Peptide Length	Charges	Probability	Spectral Count	Intensity	Assigned Modifications	Observed Modifications	Protein	Protein ID	Entry Name	Gene	Protein Description	Mapped Genes	Mapped Proteins
AAAAGFEK	8	1	0.9882	2	0.000000			UPI0000132624	UPI0000132624 status=active					UPI0000002014, UPI00000942FB, UPI0000096131, UPI00000A7ED2, UPI0000132621, UPI0000132622, UPI0000132623, UPI0000132625, UPI0000132626, UPI0000132629, UPI000013262A, UPI000013262D, UPI000013262E, UPI000013262F, UPI0000132630, UPI0000132631, UPI0000132632, UPI0000132633, UPI0000132634, UPI0000132635, UPI0000132636, UPI0000132637, UPI000013263A, UPI000013263B, UPI00001638D4, UPI000017DDDB, UPI00001ADD46, UPI00001BD282, UPI00001C0504, UPI00003BE9A2, UPI00003BF835, UPI00004018DE, UPI000041972F, UPI0000470F5D, UPI000053E881, UPI0000552C6F, UPI000058E0B1, UPI00005992EB, UPI00005C951E, UPI00005DB48E, UPI00005E281B, UPI0000661C47, UPI000067AD10, UPI000067C6EB, UPI000067D9BA, UPI00006894EA, UPI00006E1333, UPI00006EB27F, UPI0000D5BB21, UPI0000D641F4, UPI0000D71F15, UPI0000DA6A16, UPI0000DCF995, UPI0000DD77D5, UPI0000DD7815, UPI0000DE24C9, UPI0000DE2578, UPI0000DE25B9, UPI0000E0D9AE, UPI0000E275FD, UPI0000E28146, UPI0000E282C1, UPI0000E442F7, UPI0000E4584A, UPI0000E4588A, UPI0000E5B32B, UPI0000E8A861, UPI0000E8D9FC, UPI0000E9BB2F, UPI0000ED5CAA, UPI0000EF8424, UPI0000EFDFB0, UPI0000F2ADC6, UPI0000F583BF, UPI0000F6E4B8, UPI0000F6E557, UPI0000F6E635, UPI0000F6E645, UPI0000F6E69E, UPI0001554306, UPI00015543AA, UPI00015544AB, UPI000155452E, UPI0001572C40, UPI0001574721, UPI0001589DAE, UPI00015B656A, UPI00015B6595, UPI00015C6EED, UPI00015E1875, UPI00015E3E5D, UPI00015E46D9, UPI00015E56F8, UPI00015FE4B8, UPI00015FEE83, UPI000161426A, UPI0001628F94, UPI00016291CA, UPI00016291CB, UPI000164C2DF, UPI0001711D18, UPI000171D85A, UPI0001720531, UPI000172C748, UPI00017408B1, UPI000174123C, UPI0001750E22, UPI000178D495, UPI00017C133C, UPI00018844AD, UPI00018844AE, UPI00018844B0, UPI0002B8CC7F
AAAAGGHAVSVPFTPGR	17	3	1.0000	2	0.000000			UPI0000D71894	UPI0000D71894 status=active
